time,x,y,health
0.000000,0.666667,0.466667,healthy
0.005000,0.666667,0.466667,healthy
0.010000,0.666667,0.466667,healthy
0.015000,0.666667,0.466667,healthy
0.020000,0.666667,0.466667,healthy
0.025000,0.666667,0.466667,healthy
0.030000,0.666667,0.466667,healthy
0.035000,0.666667,0.466667,healthy
0.040000,0.666667,0.466667,healthy
0.045000,0.666667,0.466667,healthy
0.050000,0.666667,0.466667,healthy
0.055000,0.666667,0.466667,healthy
0.060000,0.666667,0.466667,healthy
0.065000,0.666667,0.466667,healthy
0.070000,0.666667,0.466667,healthy
0.075000,0.666667,0.466667,healthy
0.080000,0.666667,0.466667,healthy
0.085000,0.666667,0.466667,healthy
0.090000,0.666667,0.466667,healthy
0.095000,0.666667,0.466667,healthy
0.100000,0.666667,0.466667,healthy
0.105000,0.666667,0.466667,healthy
0.110000,0.666667,0.466667,healthy
0.115000,0.666667,0.466667,healthy
0.120000,0.666667,0.466667,healthy
0.125000,0.666667,0.466667,healthy
0.130000,0.666667,0.466667,healthy
0.135000,0.666667,0.466667,healthy
0.140000,0.666667,0.466667,healthy
0.145000,0.666667,0.466667,healthy
0.150000,0.666667,0.466667,healthy
0.155000,0.666667,0.466667,healthy
0.160000,0.666667,0.466667,healthy
0.165000,0.666667,0.466667,healthy
0.170000,0.666667,0.466667,healthy
0.175000,0.666667,0.466667,healthy
0.180000,0.666667,0.466667,healthy
0.185000,0.666667,0.466667,healthy
0.190000,0.666667,0.466667,healthy
0.195000,0.666667,0.466667,healthy
0.200000,0.666667,0.466667,healthy
0.205000,0.666667,0.466667,healthy
0.210000,0.666667,0.466667,healthy
0.215000,0.666667,0.466667,healthy
0.220000,0.666667,0.466667,healthy
0.225000,0.666667,0.466667,healthy
0.230000,0.666667,0.466667,healthy
0.235000,0.666667,0.466667,healthy
0.240000,0.666667,0.466667,healthy
0.245000,0.666667,0.466667,healthy
0.250000,0.666667,0.466667,healthy
0.255000,0.666667,0.466667,healthy
0.260000,0.666667,0.466667,healthy
0.265000,0.666667,0.466667,healthy
0.270000,0.666667,0.466667,healthy
0.275000,0.666667,0.466667,healthy
0.280000,0.666667,0.466667,healthy
0.285000,0.666667,0.466667,healthy
0.290000,0.666667,0.466667,healthy
0.295000,0.666667,0.466667,healthy
0.300000,0.666667,0.466667,healthy
0.305000,0.666667,0.466667,healthy
0.310000,0.666667,0.466667,healthy
0.315000,0.666667,0.466667,healthy
0.320000,0.666667,0.466667,healthy
0.325000,0.666667,0.466667,healthy
0.330000,0.666667,0.466667,healthy
0.335000,0.666667,0.466667,healthy
0.340000,0.666667,0.466667,healthy
0.345000,0.666667,0.466667,healthy
0.350000,0.666667,0.466667,healthy
0.355000,0.666667,0.466667,healthy
0.360000,0.666667,0.466667,healthy
0.365000,0.666667,0.466667,healthy
0.370000,0.666667,0.466667,healthy
0.375000,0.666667,0.466667,healthy
0.380000,0.666667,0.466667,healthy
0.385000,0.666667,0.466667,healthy
0.390000,0.666667,0.466667,healthy
0.395000,0.666667,0.466667,healthy
0.400000,0.666667,0.466667,healthy
0.405000,0.666667,0.466667,healthy
0.410000,0.666667,0.466667,healthy
0.415000,0.666667,0.466667,healthy
0.420000,0.666667,0.466667,healthy
0.425000,0.666667,0.466667,healthy
0.430000,0.666667,0.466667,healthy
0.435000,0.666667,0.466667,healthy
0.440000,0.666667,0.466667,healthy
0.445000,0.666667,0.466667,healthy
0.450000,0.666667,0.466667,healthy
0.455000,0.666667,0.466667,healthy
0.460000,0.666667,0.466667,healthy
0.465000,0.666667,0.466667,healthy
0.470000,0.666667,0.466667,healthy
0.475000,0.666667,0.466667,healthy
0.480000,0.666667,0.466667,healthy
0.485000,0.666667,0.466667,healthy
0.490000,0.666667,0.466667,healthy
0.495000,0.666667,0.466667,healthy
0.500000,0.666667,0.466667,healthy
0.505000,0.666667,0.466667,healthy
0.510000,0.666667,0.466667,healthy
0.515000,0.666667,0.466667,healthy
0.520000,0.666667,0.466667,healthy
0.525000,0.666667,0.466667,healthy
0.530000,0.666667,0.466667,healthy
0.535000,0.666667,0.466667,healthy
0.540000,0.666667,0.466667,healthy
0.545000,0.666667,0.466667,healthy
0.550000,0.666667,0.466667,healthy
0.555000,0.666667,0.466667,healthy
0.560000,0.666667,0.466667,healthy
0.565000,0.666667,0.466667,healthy
0.570000,0.666667,0.466667,healthy
0.575000,0.666667,0.466667,healthy
0.580000,0.666667,0.466667,healthy
0.585000,0.666667,0.466667,healthy
0.590000,0.666667,0.466667,healthy
0.595000,0.666667,0.466667,healthy
0.600000,0.666667,0.466667,healthy
0.605000,0.666667,0.466667,healthy
0.610000,0.666667,0.466667,healthy
0.615000,0.666667,0.466667,healthy
0.620000,0.666667,0.466667,healthy
0.625000,0.666667,0.466667,healthy
0.630000,0.666667,0.466667,healthy
0.635000,0.666667,0.466667,healthy
0.640000,0.666667,0.466667,healthy
0.645000,0.666667,0.466667,healthy
0.650000,0.666667,0.466667,healthy
0.655000,0.666667,0.466667,healthy
0.660000,0.666667,0.466667,healthy
0.665000,0.666667,0.466667,healthy
0.670000,0.666667,0.466667,healthy
0.675000,0.666667,0.466667,healthy
0.680000,0.666667,0.466667,healthy
0.685000,0.666667,0.466667,healthy
0.690000,0.666667,0.466667,healthy
0.695000,0.666667,0.466667,healthy
0.700000,0.666667,0.466667,healthy
0.705000,0.666667,0.466667,healthy
0.710000,0.666667,0.466667,healthy
0.715000,0.666667,0.466667,healthy
0.720000,0.666667,0.466667,healthy
0.725000,0.666667,0.466667,healthy
0.730000,0.666667,0.466667,healthy
0.735000,0.666667,0.466667,healthy
0.740000,0.666667,0.466667,healthy
0.745000,0.666667,0.466667,healthy
0.750000,0.666667,0.466667,healthy
0.755000,0.666667,0.466667,healthy
0.760000,0.666667,0.466667,healthy
0.765000,0.666667,0.466667,healthy
0.770000,0.666667,0.466667,healthy
0.775000,0.666667,0.466667,healthy
0.780000,0.666667,0.466667,healthy
0.785000,0.666667,0.466667,healthy
0.790000,0.666667,0.466667,healthy
0.795000,0.666667,0.466667,healthy
0.800000,0.666667,0.466667,healthy
0.805000,0.666667,0.466667,healthy
0.810000,0.666667,0.466667,healthy
0.815000,0.666667,0.466667,healthy
0.820000,0.666667,0.466667,healthy
0.825000,0.666667,0.466667,healthy
0.830000,0.666667,0.466667,healthy
0.835000,0.666667,0.466667,healthy
0.840000,0.666667,0.466667,healthy
0.845000,0.666667,0.466667,healthy
0.850000,0.666667,0.466667,healthy
0.855000,0.666667,0.466667,healthy
0.860000,0.666667,0.466667,healthy
0.865000,0.666667,0.466667,healthy
0.870000,0.666667,0.466667,healthy
0.875000,0.666667,0.466667,healthy
0.880000,0.666667,0.466667,healthy
0.885000,0.666667,0.466667,healthy
0.890000,0.666667,0.466667,healthy
0.895000,0.666667,0.466667,healthy
0.900000,0.666667,0.466667,healthy
0.905000,0.666667,0.466667,healthy
0.910000,0.666667,0.466667,healthy
0.915000,0.666667,0.466667,healthy
0.920000,0.666667,0.466667,healthy
0.925000,0.666667,0.466667,healthy
0.930000,0.666667,0.466667,healthy
0.935000,0.666667,0.466667,healthy
0.940000,0.666667,0.466667,healthy
0.945000,0.666667,0.466667,healthy
0.950000,0.666667,0.466667,healthy
0.955000,0.666667,0.466667,healthy
0.960000,0.666667,0.466667,healthy
0.965000,0.666667,0.466667,healthy
0.970000,0.666667,0.466667,healthy
0.975000,0.666667,0.466667,healthy
0.980000,0.666667,0.466667,healthy
0.985000,0.666667,0.466667,healthy
0.990000,0.666667,0.466667,healthy
0.995000,0.666667,0.466667,healthy
1.000000,0.666667,0.466667,healthy
1.005000,0.666667,0.466667,healthy
1.010000,0.666667,0.466667,healthy
1.015000,0.666667,0.466667,healthy
1.020000,0.666667,0.466667,healthy
1.025000,0.666667,0.466667,healthy
1.030000,0.666667,0.466667,healthy
1.035000,0.666667,0.466667,healthy
1.040000,0.666667,0.466667,healthy
1.045000,0.666667,0.466667,healthy
1.050000,0.666667,0.466667,healthy
1.055000,0.666667,0.466667,healthy
1.060000,0.666667,0.466667,healthy
1.065000,0.666667,0.466667,healthy
1.070000,0.666667,0.466667,healthy
1.075000,0.666667,0.466667,healthy
1.080000,0.666667,0.466667,healthy
1.085000,0.666667,0.466667,healthy
1.090000,0.666667,0.466667,healthy
1.095000,0.666667,0.466667,healthy
1.100000,0.666667,0.466667,healthy
1.105000,0.666667,0.466667,healthy
1.110000,0.666667,0.466667,healthy
1.115000,0.666667,0.466667,healthy
1.120000,0.666667,0.466667,healthy
1.125000,0.666667,0.466667,healthy
1.130000,0.666667,0.466667,healthy
1.135000,0.666667,0.466667,healthy
1.140000,0.666667,0.466667,healthy
1.145000,0.666667,0.466667,healthy
1.150000,0.666667,0.466667,healthy
1.155000,0.666667,0.466667,healthy
1.160000,0.666667,0.466667,healthy
1.165000,0.666667,0.466667,healthy
1.170000,0.666667,0.466667,healthy
1.175000,0.666667,0.466667,healthy
1.180000,0.666667,0.466667,healthy
1.185000,0.666667,0.466667,healthy
1.190000,0.666667,0.466667,healthy
1.195000,0.666667,0.466667,healthy
1.200000,0.666667,0.466667,healthy
1.205000,0.666667,0.466667,healthy
1.210000,0.666667,0.466667,healthy
1.215000,0.666667,0.466667,healthy
1.220000,0.666667,0.466667,healthy
1.225000,0.666667,0.466667,healthy
1.230000,0.666667,0.466667,healthy
1.235000,0.666667,0.466667,healthy
1.240000,0.666667,0.466667,healthy
1.245000,0.666667,0.466667,healthy
1.250000,0.666667,0.466667,healthy
1.255000,0.666667,0.466667,healthy
1.260000,0.666667,0.466667,healthy
1.265000,0.666667,0.466667,healthy
1.270000,0.666667,0.466667,healthy
1.275000,0.666667,0.466667,healthy
1.280000,0.666667,0.466667,healthy
1.285000,0.666667,0.466667,healthy
1.290000,0.666667,0.466667,healthy
1.295000,0.666667,0.466667,healthy
1.300000,0.666667,0.466667,healthy
1.305000,0.666667,0.466667,healthy
1.310000,0.666667,0.466667,healthy
1.315000,0.666667,0.466667,healthy
1.320000,0.666667,0.466667,healthy
1.325000,0.666667,0.466667,healthy
1.330000,0.666667,0.466667,healthy
1.335000,0.666667,0.466667,healthy
1.340000,0.666667,0.466667,healthy
1.345000,0.666667,0.466667,healthy
1.350000,0.666667,0.466667,healthy
1.355000,0.666667,0.466667,healthy
1.360000,0.666667,0.466667,healthy
1.365000,0.666667,0.466667,healthy
1.370000,0.666667,0.466667,healthy
1.375000,0.666667,0.466667,healthy
1.380000,0.666667,0.466667,healthy
1.385000,0.666667,0.466667,healthy
1.390000,0.666667,0.466667,healthy
1.395000,0.666667,0.466667,healthy
1.400000,0.666667,0.466667,healthy
1.405000,0.666667,0.466667,healthy
1.410000,0.666667,0.466667,healthy
1.415000,0.666667,0.466667,healthy
1.420000,0.666667,0.466667,healthy
1.425000,0.666667,0.466667,healthy
1.430000,0.666667,0.466667,healthy
1.435000,0.666667,0.466667,healthy
1.440000,0.666667,0.466667,healthy
1.445000,0.666667,0.466667,healthy
1.450000,0.666667,0.466667,healthy
1.455000,0.666667,0.466667,healthy
1.460000,0.666667,0.466667,healthy
1.465000,0.666667,0.466667,healthy
1.470000,0.666667,0.466667,healthy
1.475000,0.666667,0.466667,healthy
1.480000,0.666667,0.466667,healthy
1.485000,0.666667,0.466667,healthy
1.490000,0.666667,0.466667,healthy
1.495000,0.666667,0.466667,healthy
1.500000,0.666667,0.466667,healthy
1.505000,0.666667,0.466667,healthy
1.510000,0.666667,0.466667,healthy
1.515000,0.666667,0.466667,healthy
1.520000,0.666667,0.466667,healthy
1.525000,0.666667,0.466667,healthy
1.530000,0.666667,0.466667,healthy
1.535000,0.666667,0.466667,healthy
1.540000,0.666667,0.466667,healthy
1.545000,0.666667,0.466667,healthy
1.550000,0.666667,0.466667,healthy
1.555000,0.666667,0.466667,healthy
1.560000,0.666667,0.466667,healthy
1.565000,0.666667,0.466667,healthy
1.570000,0.666667,0.466667,healthy
1.575000,0.666667,0.466667,healthy
1.580000,0.666667,0.466667,healthy
1.585000,0.666667,0.466667,healthy
1.590000,0.666667,0.466667,healthy
1.595000,0.666667,0.466667,healthy
1.600000,0.666667,0.466667,healthy
1.605000,0.666667,0.466667,healthy
1.610000,0.666667,0.466667,healthy
1.615000,0.666667,0.466667,healthy
1.620000,0.666667,0.466667,healthy
1.625000,0.666667,0.466667,healthy
1.630000,0.666667,0.466667,healthy
1.635000,0.666667,0.466667,healthy
1.640000,0.666667,0.466667,healthy
1.645000,0.666667,0.466667,healthy
1.650000,0.666667,0.466667,healthy
1.655000,0.666667,0.466667,healthy
1.660000,0.666667,0.466667,healthy
1.665000,0.666667,0.466667,healthy
1.670000,0.666667,0.466667,healthy
1.675000,0.666667,0.466667,healthy
1.680000,0.666667,0.466667,healthy
1.685000,0.666667,0.466667,healthy
1.690000,0.666667,0.466667,healthy
1.695000,0.666667,0.466667,healthy
1.700000,0.666667,0.466667,healthy
1.705000,0.666667,0.466667,healthy
1.710000,0.666667,0.466667,healthy
1.715000,0.666667,0.466667,healthy
1.720000,0.666667,0.466667,healthy
1.725000,0.666667,0.466667,healthy
1.730000,0.666667,0.466667,healthy
1.735000,0.666667,0.466667,healthy
1.740000,0.666667,0.466667,healthy
1.745000,0.666667,0.466667,healthy
1.750000,0.666667,0.466667,healthy
1.755000,0.666667,0.466667,healthy
1.760000,0.666667,0.466667,healthy
1.765000,0.666667,0.466667,healthy
1.770000,0.666667,0.466667,healthy
1.775000,0.666667,0.466667,healthy
1.780000,0.666667,0.466667,healthy
1.785000,0.666667,0.466667,healthy
1.790000,0.666667,0.466667,healthy
1.795000,0.666667,0.466667,healthy
1.800000,0.666667,0.466667,healthy
1.805000,0.666667,0.466667,healthy
1.810000,0.666667,0.466667,healthy
1.815000,0.666667,0.466667,healthy
1.820000,0.666667,0.466667,healthy
1.825000,0.666667,0.466667,healthy
1.830000,0.666667,0.466667,healthy
1.835000,0.666667,0.466667,healthy
1.840000,0.666667,0.466667,healthy
1.845000,0.666667,0.466667,healthy
1.850000,0.666667,0.466667,healthy
1.855000,0.666667,0.466667,healthy
1.860000,0.666667,0.466667,healthy
1.865000,0.666667,0.466667,healthy
1.870000,0.666667,0.466667,healthy
1.875000,0.666667,0.466667,healthy
1.880000,0.666667,0.466667,healthy
1.885000,0.666667,0.466667,healthy
1.890000,0.666667,0.466667,healthy
1.895000,0.666667,0.466667,healthy
1.900000,0.666667,0.466667,healthy
1.905000,0.666667,0.466667,healthy
1.910000,0.666667,0.466667,healthy
1.915000,0.666667,0.466667,healthy
1.920000,0.666667,0.466667,healthy
1.925000,0.666667,0.466667,healthy
1.930000,0.666667,0.466667,healthy
1.935000,0.666667,0.466667,healthy
1.940000,0.666667,0.466667,healthy
1.945000,0.666667,0.466667,healthy
1.950000,0.666667,0.466667,healthy
1.955000,0.666667,0.466667,healthy
1.960000,0.666667,0.466667,healthy
1.965000,0.666667,0.466667,healthy
1.970000,0.666667,0.466667,healthy
1.975000,0.666667,0.466667,healthy
1.980000,0.666667,0.466667,healthy
1.985000,0.666667,0.466667,healthy
1.990000,0.666667,0.466667,healthy
1.995000,0.666667,0.466667,healthy
2.000000,0.666667,0.466667,healthy
2.005000,0.666667,0.466667,healthy
2.010000,0.666667,0.466667,healthy
2.015000,0.666667,0.466667,healthy
2.020000,0.666667,0.466667,healthy
2.025000,0.666667,0.466667,healthy
2.030000,0.666667,0.466667,healthy
2.035000,0.666667,0.466667,healthy
2.040000,0.666667,0.466667,healthy
2.045000,0.666667,0.466667,healthy
2.050000,0.666667,0.466667,healthy
2.055000,0.666667,0.466667,healthy
2.060000,0.666667,0.466667,healthy
2.065000,0.666667,0.466667,healthy
2.070000,0.666667,0.466667,healthy
2.075000,0.666667,0.466667,healthy
2.080000,0.666667,0.466667,healthy
2.085000,0.666667,0.466667,healthy
2.090000,0.666667,0.466667,healthy
2.095000,0.666667,0.466667,healthy
2.100000,0.666667,0.466667,healthy
2.105000,0.666667,0.466667,healthy
2.110000,0.666667,0.466667,healthy
2.115000,0.666667,0.466667,healthy
2.120000,0.666667,0.466667,healthy
2.125000,0.666667,0.466667,healthy
2.130000,0.666667,0.466667,healthy
2.135000,0.666667,0.466667,healthy
2.140000,0.666667,0.466667,healthy
2.145000,0.666667,0.466667,healthy
2.150000,0.666667,0.466667,healthy
2.155000,0.666667,0.466667,healthy
2.160000,0.666667,0.466667,healthy
2.165000,0.666667,0.466667,healthy
2.170000,0.666667,0.466667,healthy
2.175000,0.666667,0.466667,healthy
2.180000,0.666667,0.466667,healthy
2.185000,0.666667,0.466667,healthy
2.190000,0.666667,0.466667,healthy
2.195000,0.666667,0.466667,healthy
2.200000,0.666667,0.466667,healthy
2.205000,0.666667,0.466667,healthy
2.210000,0.666667,0.466667,healthy
2.215000,0.666667,0.466667,healthy
2.220000,0.666667,0.466667,healthy
2.225000,0.666667,0.466667,healthy
2.230000,0.666667,0.466667,healthy
2.235000,0.666667,0.466667,healthy
2.240000,0.666667,0.466667,healthy
2.245000,0.666667,0.466667,healthy
2.250000,0.666667,0.466667,healthy
2.255000,0.666667,0.466667,healthy
2.260000,0.666667,0.466667,healthy
2.265000,0.666667,0.466667,healthy
2.270000,0.666667,0.466667,healthy
2.275000,0.666667,0.466667,healthy
2.280000,0.666667,0.466667,healthy
2.285000,0.666667,0.466667,healthy
2.290000,0.666667,0.466667,healthy
2.295000,0.666667,0.466667,healthy
2.300000,0.666667,0.466667,healthy
2.305000,0.666667,0.466667,healthy
2.310000,0.666667,0.466667,healthy
2.315000,0.666667,0.466667,healthy
2.320000,0.666667,0.466667,healthy
2.325000,0.666667,0.466667,healthy
2.330000,0.666667,0.466667,healthy
2.335000,0.666667,0.466667,healthy
2.340000,0.666667,0.466667,healthy
2.345000,0.666667,0.466667,healthy
2.350000,0.666667,0.466667,healthy
2.355000,0.666667,0.466667,healthy
2.360000,0.666667,0.466667,healthy
2.365000,0.666667,0.466667,healthy
2.370000,0.666667,0.466667,healthy
2.375000,0.666667,0.466667,healthy
2.380000,0.666667,0.466667,healthy
2.385000,0.666667,0.466667,healthy
2.390000,0.666667,0.466667,healthy
2.395000,0.666667,0.466667,healthy
2.400000,0.666667,0.466667,healthy
2.405000,0.666667,0.466667,healthy
2.410000,0.666667,0.466667,healthy
2.415000,0.666667,0.466667,healthy
2.420000,0.666667,0.466667,healthy
2.425000,0.666667,0.466667,healthy
2.430000,0.666667,0.466667,healthy
2.435000,0.666667,0.466667,healthy
2.440000,0.666667,0.466667,healthy
2.445000,0.666667,0.466667,healthy
2.450000,0.666667,0.466667,healthy
2.455000,0.666667,0.466667,healthy
2.460000,0.666667,0.466667,healthy
2.465000,0.666667,0.466667,healthy
2.470000,0.666667,0.466667,healthy
2.475000,0.666667,0.466667,healthy
2.480000,0.666667,0.466667,healthy
2.485000,0.666667,0.466667,healthy
2.490000,0.666667,0.466667,healthy
2.495000,0.666667,0.466667,healthy
2.500000,0.666667,0.466667,healthy
2.505000,0.666667,0.466667,healthy
2.510000,0.666667,0.466667,healthy
2.515000,0.666667,0.466667,healthy
2.520000,0.666667,0.466667,healthy
2.525000,0.666667,0.466667,healthy
2.530000,0.666667,0.466667,healthy
2.535000,0.666667,0.466667,healthy
2.540000,0.666667,0.466667,healthy
2.545000,0.666667,0.466667,healthy
2.550000,0.666667,0.466667,healthy
2.555000,0.666667,0.466667,healthy
2.560000,0.666667,0.466667,healthy
2.565000,0.666667,0.466667,healthy
2.570000,0.666667,0.466667,healthy
2.575000,0.666667,0.466667,healthy
2.580000,0.666667,0.466667,healthy
2.585000,0.666667,0.466667,healthy
2.590000,0.666667,0.466667,healthy
2.595000,0.666667,0.466667,healthy
2.600000,0.666667,0.466667,healthy
2.605000,0.666667,0.466667,healthy
2.610000,0.666667,0.466667,healthy
2.615000,0.666667,0.466667,healthy
2.620000,0.666667,0.466667,healthy
2.625000,0.666667,0.466667,healthy
2.630000,0.666667,0.466667,healthy
2.635000,0.666667,0.466667,healthy
2.640000,0.666667,0.466667,healthy
2.645000,0.666667,0.466667,healthy
2.650000,0.666667,0.466667,healthy
2.655000,0.666667,0.466667,healthy
2.660000,0.666667,0.466667,healthy
2.665000,0.666667,0.466667,healthy
2.670000,0.666667,0.466667,healthy
2.675000,0.666667,0.466667,healthy
2.680000,0.666667,0.466667,healthy
2.685000,0.666667,0.466667,healthy
2.690000,0.666667,0.466667,healthy
2.695000,0.666667,0.466667,healthy
2.700000,0.666667,0.466667,healthy
2.705000,0.666667,0.466667,healthy
2.710000,0.666667,0.466667,healthy
2.715000,0.666667,0.466667,healthy
2.720000,0.666667,0.466667,healthy
2.725000,0.666667,0.466667,healthy
2.730000,0.666667,0.466667,healthy
2.735000,0.666667,0.466667,healthy
2.740000,0.666667,0.466667,healthy
2.745000,0.666667,0.466667,healthy
2.750000,0.666667,0.466667,healthy
2.755000,0.666667,0.466667,healthy
2.760000,0.666667,0.466667,healthy
2.765000,0.666667,0.466667,healthy
2.770000,0.666667,0.466667,healthy
2.775000,0.666667,0.466667,healthy
2.780000,0.666667,0.466667,healthy
2.785000,0.666667,0.466667,healthy
2.790000,0.666667,0.466667,healthy
2.795000,0.666667,0.466667,healthy
2.800000,0.666667,0.466667,healthy
2.805000,0.666667,0.466667,healthy
2.810000,0.666667,0.466667,healthy
2.815000,0.666667,0.466667,healthy
2.820000,0.666667,0.466667,healthy
2.825000,0.666667,0.466667,healthy
2.830000,0.666667,0.466667,healthy
2.835000,0.666667,0.466667,healthy
2.840000,0.666667,0.466667,healthy
2.845000,0.666667,0.466667,healthy
2.850000,0.666667,0.466667,healthy
2.855000,0.666667,0.466667,healthy
2.860000,0.666667,0.466667,healthy
2.865000,0.666667,0.466667,healthy
2.870000,0.666667,0.466667,healthy
2.875000,0.666667,0.466667,healthy
2.880000,0.666667,0.466667,healthy
2.885000,0.666667,0.466667,healthy
2.890000,0.666667,0.466667,healthy
2.895000,0.666667,0.466667,healthy
2.900000,0.666667,0.466667,healthy
2.905000,0.666667,0.466667,healthy
2.910000,0.666667,0.466667,healthy
2.915000,0.666667,0.466667,healthy
2.920000,0.666667,0.466667,healthy
2.925000,0.666667,0.466667,healthy
2.930000,0.666667,0.466667,healthy
2.935000,0.666667,0.466667,healthy
2.940000,0.666667,0.466667,healthy
2.945000,0.666667,0.466667,healthy
2.950000,0.666667,0.466667,healthy
2.955000,0.666667,0.466667,healthy
2.960000,0.666667,0.466667,healthy
2.965000,0.666667,0.466667,healthy
2.970000,0.666667,0.466667,healthy
2.975000,0.666667,0.466667,healthy
2.980000,0.666667,0.466667,healthy
2.985000,0.666667,0.466667,healthy
2.990000,0.666667,0.466667,healthy
2.995000,0.666667,0.466667,healthy
3.000000,0.666667,0.466667,healthy
3.005000,0.666667,0.466667,healthy
3.010000,0.666667,0.466667,healthy
3.015000,0.666667,0.466667,healthy
3.020000,0.666667,0.466667,healthy
3.025000,0.666667,0.466667,healthy
3.030000,0.666667,0.466667,healthy
3.035000,0.666667,0.466667,healthy
3.040000,0.666667,0.466667,healthy
3.045000,0.666667,0.466667,healthy
3.050000,0.666667,0.466667,healthy
3.055000,0.666667,0.466667,healthy
3.060000,0.666667,0.466667,healthy
3.065000,0.666667,0.466667,healthy
3.070000,0.666667,0.466667,healthy
3.075000,0.666667,0.466667,healthy
3.080000,0.666667,0.466667,healthy
3.085000,0.666667,0.466667,healthy
3.090000,0.666667,0.466667,sick
3.095000,0.666667,0.466667,sick
3.100000,0.666667,0.466667,sick
3.105000,0.666667,0.466667,sick
3.110000,0.666667,0.466667,sick
3.115000,0.666667,0.466667,sick
3.120000,0.666667,0.466667,sick
3.125000,0.666667,0.466667,sick
3.130000,0.666667,0.466667,sick
3.135000,0.666667,0.466667,sick
3.140000,0.666667,0.466667,sick
3.145000,0.666667,0.466667,sick
3.150000,0.666667,0.466667,sick
3.155000,0.666667,0.466667,sick
3.160000,0.666667,0.466667,sick
3.165000,0.666667,0.466667,sick
3.170000,0.666667,0.466667,sick
3.175000,0.666667,0.466667,sick
3.180000,0.666667,0.466667,sick
3.185000,0.666667,0.466667,sick
3.190000,0.666667,0.466667,sick
3.195000,0.666667,0.466667,sick
3.200000,0.666667,0.466667,sick
3.205000,0.666667,0.466667,sick
3.210000,0.666667,0.466667,sick
3.215000,0.666667,0.466667,sick
3.220000,0.666667,0.466667,sick
3.225000,0.666667,0.466667,sick
3.230000,0.666667,0.466667,sick
3.235000,0.666667,0.466667,sick
3.240000,0.666667,0.466667,sick
3.245000,0.666667,0.466667,sick
3.250000,0.666667,0.466667,sick
3.255000,0.666667,0.466667,sick
3.260000,0.666667,0.466667,sick
3.265000,0.666667,0.466667,sick
3.270000,0.666667,0.466667,sick
3.275000,0.666667,0.466667,sick
3.280000,0.666667,0.466667,sick
3.285000,0.666667,0.466667,sick
3.290000,0.666667,0.466667,sick
3.295000,0.666667,0.466667,sick
3.300000,0.666667,0.466667,sick
3.305000,0.666667,0.466667,sick
3.310000,0.666667,0.466667,sick
3.315000,0.666667,0.466667,sick
3.320000,0.666667,0.466667,sick
3.325000,0.666667,0.466667,sick
3.330000,0.666667,0.466667,sick
3.335000,0.666667,0.466667,sick
3.340000,0.666667,0.466667,sick
3.345000,0.666667,0.466667,sick
3.350000,0.666667,0.466667,sick
3.355000,0.666667,0.466667,sick
3.360000,0.666667,0.466667,sick
3.365000,0.666667,0.466667,sick
3.370000,0.666667,0.466667,sick
3.375000,0.666667,0.466667,sick
3.380000,0.666667,0.466667,sick
3.385000,0.666667,0.466667,sick
3.390000,0.666667,0.466667,sick
3.395000,0.666667,0.466667,sick
3.400000,0.666667,0.466667,sick
3.405000,0.666667,0.466667,sick
3.410000,0.666667,0.466667,sick
3.415000,0.666667,0.466667,sick
3.420000,0.666667,0.466667,sick
3.425000,0.666667,0.466667,sick
3.430000,0.666667,0.466667,sick
3.435000,0.666667,0.466667,sick
3.440000,0.666667,0.466667,sick
3.445000,0.666667,0.466667,sick
3.450000,0.666667,0.466667,sick
3.455000,0.666667,0.466667,sick
3.460000,0.666667,0.466667,sick
3.465000,0.666667,0.466667,sick
3.470000,0.666667,0.466667,sick
3.475000,0.666667,0.466667,sick
3.480000,0.666667,0.466667,sick
3.485000,0.666667,0.466667,sick
3.490000,0.666667,0.466667,sick
3.495000,0.666667,0.466667,sick
3.500000,0.666667,0.466667,sick
3.505000,0.666667,0.466667,sick
3.510000,0.666667,0.466667,sick
3.515000,0.666667,0.466667,sick
3.520000,0.666667,0.466667,sick
3.525000,0.666667,0.466667,sick
3.530000,0.666667,0.466667,sick
3.535000,0.666667,0.466667,sick
3.540000,0.666667,0.466667,sick
3.545000,0.666667,0.466667,sick
3.550000,0.666667,0.466667,sick
3.555000,0.666667,0.466667,sick
3.560000,0.666667,0.466667,sick
3.565000,0.666667,0.466667,sick
3.570000,0.666667,0.466667,sick
3.575000,0.666667,0.466667,sick
3.580000,0.666667,0.466667,sick
3.585000,0.666667,0.466667,sick
3.590000,0.666667,0.466667,sick
3.595000,0.666667,0.466667,sick
3.600000,0.666667,0.466667,sick
3.605000,0.666667,0.466667,sick
3.610000,0.666667,0.466667,sick
3.615000,0.666667,0.466667,sick
3.620000,0.666667,0.466667,sick
3.625000,0.666667,0.466667,sick
3.630000,0.666667,0.466667,sick
3.635000,0.666667,0.466667,sick
3.640000,0.666667,0.466667,sick
3.645000,0.666667,0.466667,sick
3.650000,0.666667,0.466667,sick
3.655000,0.666667,0.466667,sick
3.660000,0.666667,0.466667,sick
3.665000,0.666667,0.466667,sick
3.670000,0.666667,0.466667,sick
3.675000,0.666667,0.466667,sick
3.680000,0.666667,0.466667,sick
3.685000,0.666667,0.466667,sick
3.690000,0.666667,0.466667,sick
3.695000,0.666667,0.466667,sick
3.700000,0.666667,0.466667,sick
3.705000,0.666667,0.466667,sick
3.710000,0.666667,0.466667,sick
3.715000,0.666667,0.466667,sick
3.720000,0.666667,0.466667,sick
3.725000,0.666667,0.466667,sick
3.730000,0.666667,0.466667,sick
3.735000,0.666667,0.466667,sick
3.740000,0.666667,0.466667,sick
3.745000,0.666667,0.466667,sick
3.750000,0.666667,0.466667,sick
3.755000,0.666667,0.466667,sick
3.760000,0.666667,0.466667,sick
3.765000,0.666667,0.466667,sick
3.770000,0.666667,0.466667,sick
3.775000,0.666667,0.466667,sick
3.780000,0.666667,0.466667,sick
3.785000,0.666667,0.466667,sick
3.790000,0.666667,0.466667,sick
3.795000,0.666667,0.466667,sick
3.800000,0.666667,0.466667,sick
3.805000,0.666667,0.466667,sick
3.810000,0.666667,0.466667,sick
3.815000,0.666667,0.466667,sick
3.820000,0.666667,0.466667,sick
3.825000,0.666667,0.466667,sick
3.830000,0.666667,0.466667,sick
3.835000,0.666667,0.466667,sick
3.840000,0.666667,0.466667,sick
3.845000,0.666667,0.466667,sick
3.850000,0.666667,0.466667,sick
3.855000,0.666667,0.466667,sick
3.860000,0.666667,0.466667,sick
3.865000,0.666667,0.466667,sick
3.870000,0.666667,0.466667,sick
3.875000,0.666667,0.466667,sick
3.880000,0.666667,0.466667,sick
3.885000,0.666667,0.466667,sick
3.890000,0.666667,0.466667,sick
3.895000,0.666667,0.466667,sick
3.900000,0.666667,0.466667,sick
3.905000,0.666667,0.466667,sick
3.910000,0.666667,0.466667,sick
3.915000,0.666667,0.466667,sick
3.920000,0.666667,0.466667,sick
3.925000,0.666667,0.466667,sick
3.930000,0.666667,0.466667,sick
3.935000,0.666667,0.466667,sick
3.940000,0.666667,0.466667,sick
3.945000,0.666667,0.466667,sick
3.950000,0.666667,0.466667,sick
3.955000,0.666667,0.466667,sick
3.960000,0.666667,0.466667,sick
3.965000,0.666667,0.466667,sick
3.970000,0.666667,0.466667,sick
3.975000,0.666667,0.466667,sick
3.980000,0.666667,0.466667,sick
3.985000,0.666667,0.466667,sick
3.990000,0.666667,0.466667,sick
3.995000,0.666667,0.466667,sick
4.000000,0.666667,0.466667,sick
4.005000,0.666667,0.466667,sick
4.010000,0.666667,0.466667,sick
4.015000,0.666667,0.466667,sick
4.020000,0.666667,0.466667,sick
4.025000,0.666667,0.466667,sick
4.030000,0.666667,0.466667,sick
4.035000,0.666667,0.466667,sick
4.040000,0.666667,0.466667,sick
4.045000,0.666667,0.466667,sick
4.050000,0.666667,0.466667,sick
4.055000,0.666667,0.466667,sick
4.060000,0.666667,0.466667,sick
4.065000,0.666667,0.466667,sick
4.070000,0.666667,0.466667,sick
4.075000,0.666667,0.466667,sick
4.080000,0.666667,0.466667,sick
4.085000,0.666667,0.466667,sick
4.090000,0.666667,0.466667,sick
4.095000,0.666667,0.466667,sick
4.100000,0.666667,0.466667,sick
4.105000,0.666667,0.466667,sick
4.110000,0.666667,0.466667,sick
4.115000,0.666667,0.466667,sick
4.120000,0.666667,0.466667,sick
4.125000,0.666667,0.466667,sick
4.130000,0.666667,0.466667,sick
4.135000,0.666667,0.466667,sick
4.140000,0.666667,0.466667,sick
4.145000,0.666667,0.466667,sick
4.150000,0.666667,0.466667,sick
4.155000,0.666667,0.466667,sick
4.160000,0.666667,0.466667,sick
4.165000,0.666667,0.466667,sick
4.170000,0.666667,0.466667,sick
4.175000,0.666667,0.466667,sick
4.180000,0.666667,0.466667,sick
4.185000,0.666667,0.466667,sick
4.190000,0.666667,0.466667,sick
4.195000,0.666667,0.466667,sick
4.200000,0.666667,0.466667,sick
4.205000,0.666667,0.466667,sick
4.210000,0.666667,0.466667,sick
4.215000,0.666667,0.466667,sick
4.220000,0.666667,0.466667,sick
4.225000,0.666667,0.466667,sick
4.230000,0.666667,0.466667,sick
4.235000,0.666667,0.466667,sick
4.240000,0.666667,0.466667,sick
4.245000,0.666667,0.466667,sick
4.250000,0.666667,0.466667,sick
4.255000,0.666667,0.466667,sick
4.260000,0.666667,0.466667,sick
4.265000,0.666667,0.466667,sick
4.270000,0.666667,0.466667,sick
4.275000,0.666667,0.466667,sick
4.280000,0.666667,0.466667,sick
4.285000,0.666667,0.466667,sick
4.290000,0.666667,0.466667,sick
4.295000,0.666667,0.466667,sick
4.300000,0.666667,0.466667,sick
4.305000,0.666667,0.466667,sick
4.310000,0.666667,0.466667,sick
4.315000,0.666667,0.466667,sick
4.320000,0.666667,0.466667,sick
4.325000,0.666667,0.466667,sick
4.330000,0.666667,0.466667,sick
4.335000,0.666667,0.466667,sick
4.340000,0.666667,0.466667,sick
4.345000,0.666667,0.466667,sick
4.350000,0.666667,0.466667,sick
4.355000,0.666667,0.466667,sick
4.360000,0.666667,0.466667,sick
4.365000,0.666667,0.466667,sick
4.370000,0.666667,0.466667,sick
4.375000,0.666667,0.466667,sick
4.380000,0.666667,0.466667,sick
4.385000,0.666667,0.466667,sick
4.390000,0.666667,0.466667,sick
4.395000,0.666667,0.466667,sick
4.400000,0.666667,0.466667,sick
4.405000,0.666667,0.466667,sick
4.410000,0.666667,0.466667,sick
4.415000,0.666667,0.466667,sick
4.420000,0.666667,0.466667,sick
4.425000,0.666667,0.466667,sick
4.430000,0.666667,0.466667,sick
4.435000,0.666667,0.466667,sick
4.440000,0.666667,0.466667,sick
4.445000,0.666667,0.466667,sick
4.450000,0.666667,0.466667,sick
4.455000,0.666667,0.466667,sick
4.460000,0.666667,0.466667,sick
4.465000,0.666667,0.466667,sick
4.470000,0.666667,0.466667,sick
4.475000,0.666667,0.466667,sick
4.480000,0.666667,0.466667,sick
4.485000,0.666667,0.466667,sick
4.490000,0.666667,0.466667,sick
4.495000,0.666667,0.466667,sick
4.500000,0.666667,0.466667,sick
4.505000,0.666667,0.466667,sick
4.510000,0.666667,0.466667,sick
4.515000,0.666667,0.466667,sick
4.520000,0.666667,0.466667,sick
4.525000,0.666667,0.466667,sick
4.530000,0.666667,0.466667,sick
4.535000,0.666667,0.466667,sick
4.540000,0.666667,0.466667,sick
4.545000,0.666667,0.466667,sick
4.550000,0.666667,0.466667,sick
4.555000,0.666667,0.466667,sick
4.560000,0.666667,0.466667,sick
4.565000,0.666667,0.466667,sick
4.570000,0.666667,0.466667,sick
4.575000,0.666667,0.466667,sick
4.580000,0.666667,0.466667,sick
4.585000,0.666667,0.466667,sick
4.590000,0.666667,0.466667,sick
4.595000,0.666667,0.466667,sick
4.600000,0.666667,0.466667,sick
4.605000,0.666667,0.466667,sick
4.610000,0.666667,0.466667,sick
4.615000,0.666667,0.466667,sick
4.620000,0.666667,0.466667,sick
4.625000,0.666667,0.466667,sick
4.630000,0.666667,0.466667,sick
4.635000,0.666667,0.466667,sick
4.640000,0.666667,0.466667,sick
4.645000,0.666667,0.466667,sick
4.650000,0.666667,0.466667,sick
4.655000,0.666667,0.466667,sick
4.660000,0.666667,0.466667,sick
4.665000,0.666667,0.466667,sick
4.670000,0.666667,0.466667,sick
4.675000,0.666667,0.466667,sick
4.680000,0.666667,0.466667,sick
4.685000,0.666667,0.466667,sick
4.690000,0.666667,0.466667,sick
4.695000,0.666667,0.466667,sick
4.700000,0.666667,0.466667,sick
4.705000,0.666667,0.466667,sick
4.710000,0.666667,0.466667,sick
4.715000,0.666667,0.466667,sick
4.720000,0.666667,0.466667,sick
4.725000,0.666667,0.466667,sick
4.730000,0.666667,0.466667,sick
4.735000,0.666667,0.466667,sick
4.740000,0.666667,0.466667,sick
4.745000,0.666667,0.466667,sick
4.750000,0.666667,0.466667,sick
4.755000,0.666667,0.466667,sick
4.760000,0.666667,0.466667,sick
4.765000,0.666667,0.466667,sick
4.770000,0.666667,0.466667,sick
4.775000,0.666667,0.466667,sick
4.780000,0.666667,0.466667,sick
4.785000,0.666667,0.466667,sick
4.790000,0.666667,0.466667,sick
4.795000,0.666667,0.466667,sick
4.800000,0.666667,0.466667,sick
4.805000,0.666667,0.466667,sick
4.810000,0.666667,0.466667,sick
4.815000,0.666667,0.466667,sick
4.820000,0.666667,0.466667,sick
4.825000,0.666667,0.466667,sick
4.830000,0.666667,0.466667,sick
4.835000,0.666667,0.466667,sick
4.840000,0.666667,0.466667,sick
4.845000,0.666667,0.466667,sick
4.850000,0.666667,0.466667,sick
4.855000,0.666667,0.466667,sick
4.860000,0.666667,0.466667,sick
4.865000,0.666667,0.466667,sick
4.870000,0.666667,0.466667,sick
4.875000,0.666667,0.466667,sick
4.880000,0.666667,0.466667,sick
4.885000,0.666667,0.466667,sick
4.890000,0.666667,0.466667,sick
4.895000,0.666667,0.466667,sick
4.900000,0.666667,0.466667,sick
4.905000,0.666667,0.466667,sick
4.910000,0.666667,0.466667,sick
4.915000,0.666667,0.466667,sick
4.920000,0.666667,0.466667,sick
4.925000,0.666667,0.466667,sick
4.930000,0.666667,0.466667,sick
4.935000,0.666667,0.466667,sick
4.940000,0.666667,0.466667,sick
4.945000,0.666667,0.466667,sick
4.950000,0.666667,0.466667,sick
4.955000,0.666667,0.466667,sick
4.960000,0.666667,0.466667,sick
4.965000,0.666667,0.466667,sick
4.970000,0.666667,0.466667,sick
4.975000,0.666667,0.466667,sick
4.980000,0.666667,0.466667,sick
4.985000,0.666667,0.466667,sick
4.990000,0.666667,0.466667,sick
4.995000,0.666667,0.466667,sick
5.000000,0.666667,0.466667,sick
5.005000,0.666667,0.466667,sick
5.010000,0.666667,0.466667,sick
5.015000,0.666667,0.466667,sick
5.020000,0.666667,0.466667,sick
5.025000,0.666667,0.466667,sick
5.030000,0.666667,0.466667,sick
5.035000,0.666667,0.466667,sick
5.040000,0.666667,0.466667,sick
5.045000,0.666667,0.466667,sick
5.050000,0.666667,0.466667,sick
5.055000,0.666667,0.466667,sick
5.060000,0.666667,0.466667,sick
5.065000,0.666667,0.466667,sick
5.070000,0.666667,0.466667,sick
5.075000,0.666667,0.466667,sick
5.080000,0.666667,0.466667,sick
5.085000,0.666667,0.466667,sick
5.090000,0.666667,0.466667,sick
5.095000,0.666667,0.466667,recovered
5.100000,0.666667,0.466667,recovered
5.105000,0.666667,0.466667,recovered
5.110000,0.666667,0.466667,recovered
5.115000,0.666667,0.466667,recovered
5.120000,0.666667,0.466667,recovered
5.125000,0.666667,0.466667,recovered
5.130000,0.666667,0.466667,recovered
5.135000,0.666667,0.466667,recovered
5.140000,0.666667,0.466667,recovered
5.145000,0.666667,0.466667,recovered
5.150000,0.666667,0.466667,recovered
5.155000,0.666667,0.466667,recovered
5.160000,0.666667,0.466667,recovered
5.165000,0.666667,0.466667,recovered
5.170000,0.666667,0.466667,recovered
5.175000,0.666667,0.466667,recovered
5.180000,0.666667,0.466667,recovered
5.185000,0.666667,0.466667,recovered
5.190000,0.666667,0.466667,recovered
5.195000,0.666667,0.466667,recovered
5.200000,0.666667,0.466667,recovered
5.205000,0.666667,0.466667,recovered
5.210000,0.666667,0.466667,recovered
5.215000,0.666667,0.466667,recovered
5.220000,0.666667,0.466667,recovered
5.225000,0.666667,0.466667,recovered
5.230000,0.666667,0.466667,recovered
5.235000,0.666667,0.466667,recovered
5.240000,0.666667,0.466667,recovered
5.245000,0.666667,0.466667,recovered
5.250000,0.666667,0.466667,recovered
5.255000,0.666667,0.466667,recovered
5.260000,0.666667,0.466667,recovered
5.265000,0.666667,0.466667,recovered
5.270000,0.666667,0.466667,recovered
5.275000,0.666667,0.466667,recovered
5.280000,0.666667,0.466667,recovered
5.285000,0.666667,0.466667,recovered
5.290000,0.666667,0.466667,recovered
5.295000,0.666667,0.466667,recovered
5.300000,0.666667,0.466667,recovered
5.305000,0.666667,0.466667,recovered
5.310000,0.666667,0.466667,recovered
5.315000,0.666667,0.466667,recovered
5.320000,0.666667,0.466667,recovered
5.325000,0.666667,0.466667,recovered
5.330000,0.666667,0.466667,recovered
5.335000,0.666667,0.466667,recovered
5.340000,0.666667,0.466667,recovered
5.345000,0.666667,0.466667,recovered
5.350000,0.666667,0.466667,recovered
5.355000,0.666667,0.466667,recovered
5.360000,0.666667,0.466667,recovered
5.365000,0.666667,0.466667,recovered
5.370000,0.666667,0.466667,recovered
5.375000,0.666667,0.466667,recovered
5.380000,0.666667,0.466667,recovered
5.385000,0.666667,0.466667,recovered
5.390000,0.666667,0.466667,recovered
5.395000,0.666667,0.466667,recovered
5.400000,0.666667,0.466667,recovered
5.405000,0.666667,0.466667,recovered
5.410000,0.666667,0.466667,recovered
5.415000,0.666667,0.466667,recovered
5.420000,0.666667,0.466667,recovered
5.425000,0.666667,0.466667,recovered
5.430000,0.666667,0.466667,recovered
5.435000,0.666667,0.466667,recovered
5.440000,0.666667,0.466667,recovered
5.445000,0.666667,0.466667,recovered
5.450000,0.666667,0.466667,recovered
5.455000,0.666667,0.466667,recovered
5.460000,0.666667,0.466667,recovered
5.465000,0.666667,0.466667,recovered
5.470000,0.666667,0.466667,recovered
5.475000,0.666667,0.466667,recovered
5.480000,0.666667,0.466667,recovered
5.485000,0.666667,0.466667,recovered
5.490000,0.666667,0.466667,recovered
5.495000,0.666667,0.466667,recovered
5.500000,0.666667,0.466667,recovered
5.505000,0.666667,0.466667,recovered
5.510000,0.666667,0.466667,recovered
5.515000,0.666667,0.466667,recovered
5.520000,0.666667,0.466667,recovered
5.525000,0.666667,0.466667,recovered
5.530000,0.666667,0.466667,recovered
5.535000,0.666667,0.466667,recovered
5.540000,0.666667,0.466667,recovered
5.545000,0.666667,0.466667,recovered
5.550000,0.666667,0.466667,recovered
5.555000,0.666667,0.466667,recovered
5.560000,0.666667,0.466667,recovered
5.565000,0.666667,0.466667,recovered
5.570000,0.666667,0.466667,recovered
5.575000,0.666667,0.466667,recovered
5.580000,0.666667,0.466667,recovered
5.585000,0.666667,0.466667,recovered
5.590000,0.666667,0.466667,recovered
5.595000,0.666667,0.466667,recovered
5.600000,0.666667,0.466667,recovered
5.605000,0.666667,0.466667,recovered
5.610000,0.666667,0.466667,recovered
5.615000,0.666667,0.466667,recovered
5.620000,0.666667,0.466667,recovered
5.625000,0.666667,0.466667,recovered
5.630000,0.666667,0.466667,recovered
5.635000,0.666667,0.466667,recovered
5.640000,0.666667,0.466667,recovered
5.645000,0.666667,0.466667,recovered
5.650000,0.666667,0.466667,recovered
5.655000,0.666667,0.466667,recovered
5.660000,0.666667,0.466667,recovered
5.665000,0.666667,0.466667,recovered
5.670000,0.666667,0.466667,recovered
5.675000,0.666667,0.466667,recovered
5.680000,0.666667,0.466667,recovered
5.685000,0.666667,0.466667,recovered
5.690000,0.666667,0.466667,recovered
5.695000,0.666667,0.466667,recovered
5.700000,0.666667,0.466667,recovered
5.705000,0.666667,0.466667,recovered
5.710000,0.666667,0.466667,recovered
5.715000,0.666667,0.466667,recovered
5.720000,0.666667,0.466667,recovered
5.725000,0.666667,0.466667,recovered
5.730000,0.666667,0.466667,recovered
5.735000,0.666667,0.466667,recovered
5.740000,0.666667,0.466667,recovered
5.745000,0.666667,0.466667,recovered
5.750000,0.666667,0.466667,recovered
5.755000,0.666667,0.466667,recovered
5.760000,0.666667,0.466667,recovered
5.765000,0.666667,0.466667,recovered
5.770000,0.666667,0.466667,recovered
5.775000,0.666667,0.466667,recovered
5.780000,0.666667,0.466667,recovered
5.785000,0.666667,0.466667,recovered
5.790000,0.666667,0.466667,recovered
5.795000,0.666667,0.466667,recovered
5.800000,0.666667,0.466667,recovered
5.805000,0.666667,0.466667,recovered
5.810000,0.666667,0.466667,recovered
5.815000,0.666667,0.466667,recovered
5.820000,0.666667,0.466667,recovered
5.825000,0.666667,0.466667,recovered
5.830000,0.666667,0.466667,recovered
5.835000,0.666667,0.466667,recovered
5.840000,0.666667,0.466667,recovered
5.845000,0.666667,0.466667,recovered
5.850000,0.666667,0.466667,recovered
5.855000,0.666667,0.466667,recovered
5.860000,0.666667,0.466667,recovered
5.865000,0.666667,0.466667,recovered
5.870000,0.666667,0.466667,recovered
5.875000,0.666667,0.466667,recovered
5.880000,0.666667,0.466667,recovered
5.885000,0.666667,0.466667,recovered
5.890000,0.666667,0.466667,recovered
5.895000,0.666667,0.466667,recovered
5.900000,0.666667,0.466667,recovered
